Date,SessionTime,DriverAhead,DistanceToDriverAhead,Time,RPM,Speed,nGear,Throttle,Brake,DRS,Source,Distance,RelativeDistance,Status,X,Y,Z
2025-04-05 06:40:46.549,0 days 00:54:24.669000,,,0 days 00:00:00,11193.12504448,278.8750016,7,99.0,False,12,interpolation,0.0725422653162906,1.2540095568936078e-05,OnTrack,1620.5139366335268,-556.7545943709858,742.8110492097245
2025-04-05 06:40:46.722,0 days 00:54:24.842000,,,0 days 00:00:00.173000,11307.054545454546,282.6545454545454,7,99.0,False,12,pos,13.69603967226757,0.0023675804120168063,OnTrack,1708.0,-659.0,739.0
2025-04-05 06:40:46.882,0 days 00:54:25.002000,,,0 days 00:00:00.333000,11397.236363636364,284.8363636363636,7,99.0,False,12,pos,26.475798953907493,0.004576767043300211,OnTrack,1790.0,-754.0,736.0
2025-04-05 06:40:47.042,0 days 00:54:25.162000,,,0 days 00:00:00.493000,11487.418181818182,287.0181818181818,7,99.0,False,12,pos,39.329927802803425,0.0067988096486388035,OnTrack,1872.0,-851.0,732.0
2025-04-05 06:40:47.262,0 days 00:54:25.382000,,,0 days 00:00:00.713000,11591.64011008,288.0,7,99.0,False,12,pos,56.921741434930794,0.009839837154685683,OnTrack,1987.0,-985.0,726.0
2025-04-05 06:40:47.422,0 days 00:54:25.542000,,,0 days 00:00:00.873000,11359.463033018183,289.4727307636364,7,99.0,False,12,pos,69.82291121311067,0.01207001154011551,OnTrack,2071.0,-1083.0,723.0
2025-04-05 06:40:47.681,0 days 00:54:25.801000,,,0 days 00:00:01.132000,10749.047576436364,293.00454632727275,7,99.0,False,12,pos,91.02042603355747,0.01573434240314204,OnTrack,2208.0,-1243.0,718.0
2025-04-05 06:40:47.981,0 days 00:54:26.101000,,,0 days 00:00:01.432000,10606.922735709091,296.06363694545456,7,99.0,False,12,pos,115.78734791592304,0.02001570260052608,OnTrack,2411.0,-1480.0,708.0
2025-04-05 06:40:48.341,0 days 00:54:26.461000,,,0 days 00:00:01.792000,10677.63001856,298.73500032,8,99.0,False,12,pos,145.65750459723768,0.02517923888946886,OnTrack,2562.0,-1657.0,702.0
2025-04-05 06:40:48.401,0 days 00:54:26.521000,,,0 days 00:00:01.852000,10693.437504,299.0437504,8,99.0,False,12,pos,150.64448590124763,0.026041318697427915,OnTrack,2595.0,-1695.0,700.0
2025-04-05 06:40:48.641,0 days 00:54:26.761000,,,0 days 00:00:02.092000,10732.96668871111,301.2083342222222,8,99.0,False,12,pos,170.71162620877584,0.029510246172389766,OnTrack,2725.0,-1847.0,695.0
2025-04-05 06:40:48.841,0 days 00:54:26.961000,,,0 days 00:00:02.292000,10801.8555776,303.986112,8,99.0,False,12,pos,187.69087428656707,0.032445381884733754,OnTrack,2835.0,-1975.0,689.0
2025-04-05 06:40:49.181,0 days 00:54:27.301000,,,0 days 00:00:02.632000,10872.0750144,306.6687504,8,99.0,False,12,pos,216.61588006856866,0.03744553366186435,OnTrack,3099.0,-2285.0,679.0
2025-04-05 06:40:49.461,0 days 00:54:27.581000,,,0 days 00:00:02.912000,10929.963799181942,308.1504181570285,8,99.0,False,12,pos,240.56737110242145,0.04158593354148571,OnTrack,3177.0,-2376.0,675.0
2025-04-05 06:40:49.781,0 days 00:54:27.901000,,,0 days 00:00:03.232000,10988.793872259588,309.93314764422996,8,99.0,False,12,pos,268.1281466778867,0.0463502562182511,OnTrack,3356.0,-2585.0,668.0
2025-04-05 06:40:49.981,0 days 00:54:28.101000,,,0 days 00:00:03.432000,11056.8,311.56666666666666,8,99.0,False,12,pos,285.44772773205625,0.049344223951216945,OnTrack,3469.0,-2716.0,663.0
2025-04-05 06:40:50.141,0 days 00:54:28.261000,,,0 days 00:00:03.592000,11093.128571428571,312.77142857142854,8,99.0,False,12,pos,299.3691689090899,0.05175076863321933,OnTrack,3559.0,-2821.0,659.0
2025-04-05 06:40:50.301,0 days 00:54:28.421000,,,0 days 00:00:03.752000,11119.985714285714,313.9142857142857,8,99.0,False,12,pos,313.339000792671,0.05416567842598998,OnTrack,3649.0,-2927.0,655.0
2025-04-05 06:40:50.561,0 days 00:54:28.681000,,,0 days 00:00:04.012000,11164.711111111112,314.68888888888887,8,99.0,False,12,pos,336.0781414507257,0.05809650407313793,OnTrack,3800.0,-3104.0,648.0
2025-04-05 06:40:50.842,0 days 00:54:28.962000,,,0 days 00:00:04.293000,11205.915207168511,315.4214462917021,8,99.0,False,12,pos,360.7051480530698,0.06235367766736899,OnTrack,4027.0,-3373.0,639.0
2025-04-05 06:40:51.102,0 days 00:54:29.222000,,,0 days 00:00:04.553000,11238.600023771429,316.1000009142857,8,99.0,False,12,pos,383.5501771582921,0.06630280783314947,OnTrack,4117.0,-3480.0,635.0
2025-04-05 06:40:51.362,0 days 00:54:29.482000,,,0 days 00:00:04.813000,11262.866666666667,317.0,8,99.0,False,12,pos,406.4458053938517,0.07026068487121702,OnTrack,4266.0,-3654.0,628.0
2025-04-05 06:40:51.582,0 days 00:54:29.702000,,,0 days 00:00:05.033000,11286.700027733334,317.0,8,99.0,False,12,pos,425.81360094760964,0.07360871937420348,OnTrack,4391.0,-3802.0,623.0
2025-04-05 06:40:51.822,0 days 00:54:29.942000,,,0 days 00:00:05.273000,11324.666709333333,320.0,8,99.0,False,12,pos,447.143721998689,0.07729597335381481,OnTrack,4529.0,-3963.0,617.0
2025-04-05 06:40:52.082,0 days 00:54:30.202000,,,0 days 00:00:05.533000,11361.5,320.0,8,99.0,False,12,pos,470.25157131889216,0.08129053621457578,OnTrack,4679.0,-4139.0,611.0
2025-04-05 06:40:52.282,0 days 00:54:30.402000,,,0 days 00:00:05.733000,11375.725,320.275,8,99.0,False,12,pos,488.0458735929388,0.08436656713429082,OnTrack,4794.0,-4274.0,606.0
2025-04-05 06:40:52.402,0 days 00:54:30.522000,,,0 days 00:00:05.853000,11390.35,320.65,8,99.0,False,12,pos,498.75125303656984,0.08621716389659938,OnTrack,4944.0,-4451.0,600.0
2025-04-05 06:40:52.922,0 days 00:54:31.042000,,,0 days 00:00:06.373000,11407.24,321.24,8,99.0,False,12,pos,545.130147393591,0.09423450061861696,OnTrack,5164.0,-4709.0,591.0
2025-04-05 06:40:53.122,0 days 00:54:31.242000,,,0 days 00:00:06.573000,11427.72,322.24,8,99.0,False,12,pos,563.0342166153378,0.09732950651806922,OnTrack,5314.0,-4887.0,585.0
2025-04-05 06:40:53.422,0 days 00:54:31.542000,,,0 days 00:00:06.873000,11436.783345066666,322.69166613333334,8,98.38333226666667,False,12,pos,589.9398129350199,0.10198057093847218,OnTrack,5453.0,-5051.0,579.0
2025-04-05 06:40:53.762,0 days 00:54:31.882000,,,0 days 00:00:07.213000,11446.92,321.92,8,96.84,False,10,pos,620.321761348667,0.1072325786475844,OnTrack,5669.0,-5314.0,570.0
2025-04-05 06:40:54.082,0 days 00:54:32.202000,,,0 days 00:00:07.533000,11209.8,316.8,8,93.0,False,8,pos,648.6407560016546,0.1121279716686913,OnTrack,5863.0,-5593.0,560.0
2025-04-05 06:40:54.421,0 days 00:54:32.541000,,,0 days 00:00:07.872000,10956.3790688,311.0,8,70.9499904,False,8,pos,678.005935253542,0.11720421449915766,OnTrack,5928.0,-5762.0,555.0
2025-04-05 06:40:54.721,0 days 00:54:32.841000,,,0 days 00:00:08.172000,10499.99490304,296.80499456,8,15.929986560000003,True,8,pos,703.1732485326529,0.12155478877964587,OnTrack,5963.0,-6012.0,548.0
2025-04-05 06:40:55.001,0 days 00:54:33.121000,,,0 days 00:00:08.452000,10271.54245376,274.23999488,8,4.67749888,True,8,pos,723.9870749027596,0.12515279293209913,OnTrack,5925.0,-6295.0,543.0
2025-04-05 06:40:55.301,0 days 00:54:33.421000,,,0 days 00:00:08.752000,9838.33485952,256.85499776,8,1.2649996799999998,True,8,pos,745.4093881956553,0.12885598382129065,OnTrack,5884.0,-6453.0,542.0
2025-04-05 06:40:55.441,0 days 00:54:33.561000,,,0 days 00:00:08.892000,10055.3189952,243.0374912,8,1.0,True,8,pos,754.7582122831167,0.1304720782043759,OnTrack,5857.0,-6545.0,543.0
2025-04-05 06:40:55.761,0 days 00:54:33.881000,,,0 days 00:00:09.212000,10803.242858057143,221.02856777142858,6,2.242858057142857,True,8,pos,774.690180057248,0.1339176389361061,OnTrack,5746.0,-6776.0,543.0
2025-04-05 06:40:56.241,0 days 00:54:34.361000,,,0 days 00:00:09.692000,10330.96550661507,198.30407497347713,5,13.09717886451584,True,8,pos,801.5306964802426,0.13855745325120117,OnTrack,5610.0,-6903.0,545.0
2025-04-05 06:40:56.401,0 days 00:54:34.521000,,,0 days 00:00:09.852000,10081.42857142857,192.88571428571427,5,19.485714285714288,True,8,pos,810.0138863971079,0.14002390886604996,OnTrack,5535.0,-6945.0,547.0
2025-04-05 06:40:56.581,0 days 00:54:34.701000,,,0 days 00:00:10.032000,9824.5,187.1,5,27.8,True,8,pos,819.2848086601003,0.14162653666769373,OnTrack,5446.0,-6979.0,548.0
2025-04-05 06:40:56.741,0 days 00:54:34.861000,,,0 days 00:00:10.192000,9690.214285714286,181.95714285714286,5,38.08571428571429,True,8,pos,827.251075233811,0.14300363378103015,OnTrack,5364.0,-6998.0,550.0
2025-04-05 06:40:57.041,0 days 00:54:35.161000,,,0 days 00:00:10.492000,9637.971428571429,177.0,5,59.114285714285714,False,8,pos,842.0025463988574,0.14555366247651605,OnTrack,5214.0,-7008.0,553.0
2025-04-05 06:40:57.261,0 days 00:54:35.381000,,,0 days 00:00:10.712000,9550.757142857143,177.0,5,77.97142857142858,False,8,pos,852.81643678806,0.14742301709842284,OnTrack,5106.0,-6997.0,556.0
2025-04-05 06:40:57.462,0 days 00:54:35.582000,,,0 days 00:00:10.913000,9785.789798110043,181.4946541351461,5,83.49465413514609,False,8,pos,863.1787557640788,0.14921431034944704,OnTrack,5010.0,-6973.0,560.0
2025-04-05 06:40:58.122,0 days 00:54:36.242000,,,0 days 00:00:11.573000,10626.675,197.25,5,99.0,False,8,pos,899.8968676742625,0.1555616256759949,OnTrack,4727.0,-6778.0,569.0
2025-04-05 06:40:58.442,0 days 00:54:36.562000,,,0 days 00:00:11.893000,11171.857142857143,207.22857142857143,5,99.0,False,8,pos,918.3113057296542,0.15874485702472715,OnTrack,4617.0,-6630.0,572.0
2025-04-05 06:40:58.622,0 days 00:54:36.742000,,,0 days 00:00:12.073000,11438.643236571428,212.37143588571428,5,99.0,False,8,pos,929.0139947426966,0.1605949887029009,OnTrack,4560.0,-6541.0,574.0
2025-04-05 06:40:58.842,0 days 00:54:36.962000,,,0 days 00:00:12.293000,11753.56,218.2,5,99.0,False,8,pos,942.3591502056245,0.16290191314422853,OnTrack,4464.0,-6381.0,576.0
2025-04-05 06:40:59.242,0 days 00:54:37.362000,,,0 days 00:00:12.693000,11625.4,227.2,5,99.0,False,8,pos,967.3835409356377,0.16722778096680802,OnTrack,4373.0,-6219.0,579.0
2025-04-05 06:40:59.382,0 days 00:54:37.502000,,,0 days 00:00:12.833000,11058.95899392,230.42000384,5,99.0,False,8,pos,976.365202857364,0.1687804054730216,OnTrack,4329.0,-6141.0,580.0
2025-04-05 06:40:59.562,0 days 00:54:37.682000,,,0 days 00:00:13.013000,10396.5,233.2,6,99.0,False,8,pos,988.0325358124613,0.17079729134849841,OnTrack,4272.0,-6040.0,582.0
2025-04-05 06:40:59.802,0 days 00:54:37.922000,,,0 days 00:00:13.253000,10802.566666666668,239.16666666666666,6,99.0,False,8,pos,1003.9787324012808,0.17355384752044822,OnTrack,4193.0,-5904.0,585.0
2025-04-05 06:41:00.062,0 days 00:54:38.182000,,,0 days 00:00:13.513000,11250.300231314286,244.7000064,6,99.0,False,8,pos,1021.6367296302188,0.17660631592409437,OnTrack,4052.0,-5690.0,590.0
2025-04-05 06:41:00.362,0 days 00:54:38.482000,,,0 days 00:00:13.813000,11506.35,251.3,6,97.65,False,8,pos,1042.5994883027583,0.1802300654168353,OnTrack,3977.0,-5590.0,592.0
2025-04-05 06:41:00.722,0 days 00:54:38.842000,,,0 days 00:00:14.173000,11654.9,253.0,6,86.15,False,8,pos,1067.9051880802576,0.1846045620260194,OnTrack,3810.0,-5405.0,595.0
2025-04-05 06:41:00.901,0 days 00:54:39.021000,,,0 days 00:00:14.352000,11614.6833152,253.0,6,86.1208352,False,8,pos,1080.4782812772044,0.1867780231055626,OnTrack,3635.0,-5270.0,599.0
2025-04-05 06:41:01.261,0 days 00:54:39.381000,,,0 days 00:00:14.712000,11636.1031528,253.7906248,6,87.7906248,False,8,pos,1105.8344316532039,0.19116124091092032,OnTrack,3498.0,-5202.0,602.0
2025-04-05 06:41:01.501,0 days 00:54:39.621000,,,0 days 00:00:14.952000,11740.3531528,253.0406248,6,87.0406248,False,8,pos,1122.6917270308988,0.19407529514052552,OnTrack,3335.0,-5158.0,607.0
2025-04-05 06:41:01.721,0 days 00:54:39.841000,,,0 days 00:00:15.172000,11671.47997696,254.03500032,6,89.07000064,False,8,pos,1138.2786450989743,0.19676974425024954,OnTrack,3166.0,-5138.0,612.0
2025-04-05 06:41:01.921,0 days 00:54:40.041000,,,0 days 00:00:15.372000,11598.874971428571,254.89999908571428,6,89.67498788571429,False,8,pos,1152.4349730272033,0.19921689287941327,OnTrack,2922.0,-5120.0,621.0
2025-04-05 06:41:02.281,0 days 00:54:40.401000,,,0 days 00:00:15.732000,11268.82127542857,248.20356937142856,6,32.09642422857143,True,8,pos,1177.3927137472651,0.2035312391773917,OnTrack,2776.0,-5088.0,627.0
2025-04-05 06:41:02.401,0 days 00:54:40.521000,,,0 days 00:00:15.852000,10981.678418285714,244.34642651428572,6,23.953567085714283,True,8,pos,1185.4499914361477,0.20492406902359936,OnTrack,2701.0,-5060.0,630.0
2025-04-05 06:41:02.721,0 days 00:54:40.841000,,,0 days 00:00:16.172000,10795.476419916957,232.96865084014527,6,44.74608817633341,False,8,pos,1206.2880837365049,0.20852626793180062,OnTrack,2523.0,-4950.0,641.0
2025-04-05 06:41:02.981,0 days 00:54:41.101000,,,0 days 00:00:16.432000,10466.197489113983,227.26332283118288,6,76.53291565483823,False,8,pos,1222.6463459642164,0.21135405626709475,OnTrack,2383.0,-4806.0,652.0
2025-04-05 06:41:03.341,0 days 00:54:41.461000,,,0 days 00:00:16.792000,10534.125,227.0,6,96.7,False,8,pos,1245.3367399518943,0.21527645526940986,OnTrack,2292.0,-4641.0,659.0
2025-04-05 06:41:03.441,0 days 00:54:41.561000,,,0 days 00:00:16.892000,10513.971428571429,227.11428571428573,6,98.42857142857143,False,8,pos,1251.6535455980215,0.21636841657152048,OnTrack,2270.0,-4579.0,662.0
2025-04-05 06:41:03.741,0 days 00:54:41.861000,,,0 days 00:00:17.192000,10517.76,231.0,6,79.42,False,8,pos,1270.9092323707137,0.21969707127126326,OnTrack,2216.0,-4389.0,670.0
2025-04-05 06:41:03.922,0 days 00:54:42.042000,,,0 days 00:00:17.373000,10558.800749092316,231.1120324280916,6,82.63485042585239,False,8,pos,1282.525819459882,0.22170518490884952,OnTrack,2184.0,-4277.0,676.0
2025-04-05 06:41:04.082,0 days 00:54:42.202000,,,0 days 00:00:17.533000,10768.593335925201,233.10373420182154,6,93.92116047698867,False,8,pos,1292.9028060245291,0.22349901368812553,OnTrack,2155.0,-4178.0,681.0
2025-04-05 06:41:04.422,0 days 00:54:42.542000,,,0 days 00:00:17.873000,10813.228523885715,237.82857508571428,6,65.499968,False,8,pos,1315.3237447390286,0.2273748330190934,OnTrack,2094.0,-3968.0,691.0
2025-04-05 06:41:04.562,0 days 00:54:42.682000,,,0 days 00:00:18.013000,10426.2,238.0,6,36.0,False,8,pos,1324.6199433153383,0.2289818302374248,OnTrack,2066.0,-3895.0,695.0
2025-04-05 06:41:04.862,0 days 00:54:42.982000,,,0 days 00:00:18.313000,10161.699658971429,222.19999268571428,6,30.20002925714286,True,8,pos,1343.2571380658705,0.23220356865832384,OnTrack,1968.0,-3739.0,705.0
2025-04-05 06:41:05.022,0 days 00:54:43.142000,,,0 days 00:00:18.473000,9948.556801828572,217.62856411428572,6,48.48574354285714,True,8,pos,1352.819187509453,0.23385652246855582,OnTrack,1874.0,-3642.0,711.0
2025-04-05 06:41:05.442,0 days 00:54:43.562000,,,0 days 00:00:18.893000,9900.15,214.55,6,79.95,False,8,pos,1377.803647805902,0.23817548767442176,OnTrack,1700.0,-3518.0,720.0
2025-04-05 06:41:05.622,0 days 00:54:43.742000,,,0 days 00:00:19.073000,9978.300107377778,215.90000213333335,6,87.00000711111112,False,8,pos,1388.5971013512462,0.24004130945965751,OnTrack,1603.0,-3473.0,725.0
2025-04-05 06:41:05.782,0 days 00:54:43.902000,,,0 days 00:00:19.233000,10045.411218488889,217.23333546666666,6,91.44445155555556,False,8,pos,1398.2779094818786,0.2417147926161782,OnTrack,1512.0,-3443.0,729.0
2025-04-05 06:41:05.942,0 days 00:54:44.062000,,,0 days 00:00:19.393000,10148.6002432,219.3222272,6,94.944448,False,8,pos,1408.1073312448389,0.24341396602574109,OnTrack,1416.0,-3423.0,733.0
2025-04-05 06:41:06.122,0 days 00:54:44.242000,,,0 days 00:00:19.573000,10319.6,222.82222222222222,6,97.44444444444444,False,8,pos,1419.3478349562677,0.24535706761168846,OnTrack,1304.0,-3410.0,738.0
2025-04-05 06:41:06.502,0 days 00:54:44.622000,,,0 days 00:00:19.953000,10614.64012288,229.68000256,6,99.0,False,8,pos,1443.488704819687,0.24953020466337286,OnTrack,1023.0,-3394.0,749.0
2025-04-05 06:41:06.922,0 days 00:54:45.042000,,,0 days 00:00:20.373000,10562.2,229.8,6,55.199999999999996,False,8,pos,1470.4002647572916,0.25418229999090775,OnTrack,792.0,-3367.0,756.0
2025-04-05 06:41:07.102,0 days 00:54:45.222000,,,0 days 00:00:20.553000,10489.824897066666,229.04999893333334,6,27.82496106666666,False,8,pos,1481.7501323928195,0.25614430688749046,OnTrack,681.0,-3337.0,758.0
2025-04-05 06:41:07.341,0 days 00:54:45.461000,,,0 days 00:00:20.792000,10571.156842472727,223.84090763636362,6,14.6499968,True,8,pos,1496.5015883631531,0.25869433295632616,OnTrack,544.0,-3279.0,759.0
2025-04-05 06:41:07.361,0 days 00:54:45.481000,,,0 days 00:00:20.812000,10578.747751563636,223.38636218181819,6,13.6499968,True,8,pos,1497.7184814159914,0.25890469246348013,OnTrack,533.0,-3273.0,759.0
2025-04-05 06:41:07.681,0 days 00:54:45.801000,,,0 days 00:00:21.132000,10764.485770971429,214.01071177142856,6,3.546428342857143,False,8,pos,1516.6716612835648,0.2621810539864946,OnTrack,310.0,-3111.0,758.0
2025-04-05 06:41:08.161,0 days 00:54:46.281000,,,0 days 00:00:21.612000,10675.124928,201.2166656,5,25.0041728,False,8,pos,1543.816415371125,0.2668734606678839,OnTrack,149.0,-2923.0,755.0
2025-04-05 06:41:08.601,0 days 00:54:46.721000,,,0 days 00:00:22.052000,10430.375104,197.5875008,5,71.937504,False,8,pos,1567.943294579607,0.27104417921017626,OnTrack,52.0,-2707.0,750.0
2025-04-05 06:41:08.941,0 days 00:54:47.061000,,,0 days 00:00:22.392000,10941.113722181819,203.0068194909091,5,89.01136581818182,False,8,pos,1587.0744168508213,0.27435130093536664,OnTrack,32.0,-2577.0,747.0
2025-04-05 06:41:09.141,0 days 00:54:47.261000,,,0 days 00:00:22.592000,11209.295540363637,207.0977285818182,5,95.82954763636364,False,8,pos,1598.7440222981293,0.2763685796476176,OnTrack,52.0,-2397.0,743.0
2025-04-05 06:41:09.461,0 days 00:54:47.581000,,,0 days 00:00:22.912000,11561.000064,212.97250112,5,99.0,False,8,pos,1617.7818108798012,0.2796595671456571,OnTrack,92.0,-2281.0,740.0
2025-04-05 06:41:09.681,0 days 00:54:47.801000,,,0 days 00:00:23.132000,11763.758824921784,216.9447246006916,5,99.0,False,8,pos,1631.088414149764,0.2819598272212929,OnTrack,144.0,-2154.0,739.0
2025-04-05 06:41:09.921,0 days 00:54:48.041000,,,0 days 00:00:23.372000,11938.466666666667,222.2,5,99.0,False,8,pos,1645.8588512034835,0.28451313447522286,OnTrack,208.0,-1997.0,740.0
2025-04-05 06:41:10.261,0 days 00:54:48.381000,,,0 days 00:00:23.712000,11359.0125,231.2875,5,97.825,False,8,pos,1667.673640786093,0.2882841711941538,OnTrack,309.0,-1742.0,746.0
2025-04-05 06:41:10.482,0 days 00:54:48.602000,,,0 days 00:00:23.933000,10894.668032708523,235.73858887663772,5,97.0,False,8,pos,1682.2023753141445,0.29079569628484536,OnTrack,340.0,-1657.0,750.0
2025-04-05 06:41:10.782,0 days 00:54:48.902000,,,0 days 00:00:24.233000,10908.124912,237.9250016,6,94.2249952,False,8,pos,1701.9994443607957,0.29421793760509374,OnTrack,379.0,-1477.0,762.0
2025-04-05 06:41:11.082,0 days 00:54:49.202000,,,0 days 00:00:24.533000,10990.7,238.0,6,88.63333333333334,False,8,pos,1721.8295731607814,0.29764589383463663,OnTrack,363.0,-1280.0,777.0
2025-04-05 06:41:11.262,0 days 00:54:49.382000,,,0 days 00:00:24.713000,11105.745516218181,238.1272738909091,6,88.76364334545454,False,8,pos,1733.7379558079897,0.29970444902058724,OnTrack,303.0,-1124.0,790.0
2025-04-05 06:41:11.642,0 days 00:54:49.762000,,,0 days 00:00:25.093000,11197.290909090909,239.85454545454544,6,99.12727272727273,False,8,pos,1759.0688418977707,0.30408329948833446,OnTrack,189.0,-956.0,803.0
2025-04-05 06:41:11.882,0 days 00:54:50.002000,,,0 days 00:00:25.333000,11231.25,242.0,6,99.05,False,8,pos,1775.1967857857412,0.3068712735997547,OnTrack,40.0,-820.0,816.0
2025-04-05 06:41:12.162,0 days 00:54:50.282000,,,0 days 00:00:25.613000,11375.48,244.24,6,99.68,False,8,pos,1794.165713580832,0.310150357404948,OnTrack,-90.0,-745.0,827.0
2025-04-05 06:41:12.542,0 days 00:54:50.662000,,,0 days 00:00:25.993000,11507.8000896,249.90000213333335,6,99.0,False,8,pos,1820.5978928761747,0.31471958408974543,OnTrack,-359.0,-620.0,846.0
2025-04-05 06:41:12.862,0 days 00:54:50.982000,,,0 days 00:00:26.313000,11670.157301028572,253.68571794285714,6,99.0,False,8,pos,1843.0836673095628,0.3186066113159673,OnTrack,-539.0,-544.0,858.0
2025-04-05 06:41:13.022,0 days 00:54:51.142000,,,0 days 00:00:26.473000,11579.9494464,256.416672,6,99.0,False,8,pos,1854.5344495971317,0.3205860629308171,OnTrack,-645.0,-506.0,863.0
2025-04-05 06:41:13.242,0 days 00:54:51.362000,,,0 days 00:00:26.693000,11117.2,260.26666666666665,6,99.0,False,8,pos,1870.462486804603,0.3233394799620661,OnTrack,-824.0,-460.0,870.0
2025-04-05 06:41:13.442,0 days 00:54:51.562000,,,0 days 00:00:26.893000,10738.866666666667,261.3777777777778,6,99.0,False,8,pos,1884.9938346891252,0.3258514568133934,OnTrack,-968.0,-433.0,875.0
2025-04-05 06:41:13.622,0 days 00:54:51.742000,,,0 days 00:00:27.073000,10583.1002112,263.2750048,7,99.0,False,8,pos,1898.1757091304394,0.3281301555078864,OnTrack,-1098.0,-413.0,878.0
2025-04-05 06:41:13.941,0 days 00:54:52.061000,,,0 days 00:00:27.392000,10752.6375264,267.1281256,7,99.0,False,8,pos,1921.8348954947583,0.33222002583104554,OnTrack,-1333.0,-398.0,881.0
2025-04-05 06:41:14.161,0 days 00:54:52.281000,,,0 days 00:00:27.612000,10865.93003776,269.27000064,7,99.0,False,8,pos,1938.2889436708915,0.33506437230582053,OnTrack,-1588.0,-404.0,881.0
2025-04-05 06:41:14.421,0 days 00:54:52.541000,,,0 days 00:00:27.872000,10931.0035904,273.1928576,7,99.0,False,8,pos,1957.9709332293744,0.33846672028839386,OnTrack,-1692.0,-413.0,880.0
2025-04-05 06:41:14.741,0 days 00:54:52.861000,,,0 days 00:00:28.192000,11039.021460114285,275.2392859428571,7,99.0,False,8,pos,1982.4325216259278,0.34269529868918275,OnTrack,-1987.0,-481.0,878.0
2025-04-05 06:41:15.101,0 days 00:54:53.221000,,,0 days 00:00:28.552000,11177.687514666666,277.22500053333334,7,99.0,False,8,pos,2010.1113595000252,0.34748003033031494,OnTrack,-2190.0,-558.0,875.0
2025-04-05 06:41:15.381,0 days 00:54:53.501000,,,0 days 00:00:28.832000,11256.1000192,279.20250048,7,99.0,False,8,pos,2031.802850221839,0.35122975286101116,OnTrack,-2385.0,-653.0,872.0
2025-04-05 06:41:15.501,0 days 00:54:53.621000,,,0 days 00:00:28.952000,11292.1000192,280.10250048,7,99.0,False,8,pos,2041.1554989892077,0.3528465084014417,OnTrack,-2562.0,-754.0,870.0
2025-04-05 06:41:15.921,0 days 00:54:54.041000,,,0 days 00:00:29.372000,11402.93794908906,283.33733776417455,7,99.0,False,8,pos,2074.3104421129515,0.35857787277973363,OnTrack,-2739.0,-882.0,867.0
2025-04-05 06:41:16.681,0 days 00:54:54.801000,,,0 days 00:00:30.132000,11561.936937901937,289.4234234603613,7,99.0,False,8,pos,2135.7076878103926,0.36919137272157315,OnTrack,-3141.0,-1342.0,859.0
2025-04-05 06:41:16.901,0 days 00:54:55.021000,,,0 days 00:00:30.352000,11644.34,290.0,7,99.0,False,8,pos,2153.427656563704,0.37225455389845313,OnTrack,-3247.0,-1484.0,856.0
2025-04-05 06:41:17.142,0 days 00:54:55.262000,,,0 days 00:00:30.593000,11700.049912985522,291.4139667493613,7,99.0,False,8,pos,2172.9535659984854,0.37562992092504033,OnTrack,-3389.0,-1671.0,854.0
2025-04-05 06:41:17.482,0 days 00:54:55.602000,,,0 days 00:00:30.933000,11717.866666666667,294.06666666666666,7,99.0,False,8,pos,2200.746386704513,0.38043435632920497,OnTrack,-3527.0,-1852.0,851.0
2025-04-05 06:41:17.642,0 days 00:54:55.762000,,,0 days 00:00:31.093000,11703.8,294.6,7,99.0,False,8,pos,2213.8592944045913,0.3827011330148883,OnTrack,-3615.0,-1959.0,849.0
2025-04-05 06:41:17.802,0 days 00:54:55.922000,,,0 days 00:00:31.253000,11709.8,293.26666666666665,7,99.0,False,8,pos,2226.895043154164,0.38495457153682505,OnTrack,-3694.0,-2053.0,848.0
2025-04-05 06:41:18.042,0 days 00:54:56.162000,,,0 days 00:00:31.493000,11160.542857142857,283.34285714285716,7,46.25714285714286,False,8,pos,2245.741249392488,0.38821244095005636,OnTrack,-3818.0,-2202.0,845.0
2025-04-05 06:41:18.382,0 days 00:54:56.502000,,,0 days 00:00:31.833000,10629.63967488,269.9499904,7,23.30999552,True,8,pos,2271.139573896745,0.39260294923078853,OnTrack,-3993.0,-2367.0,841.0
2025-04-05 06:41:18.442,0 days 00:54:56.562000,,,0 days 00:00:31.893000,10553.44,267.7,7,22.259999999999998,True,8,pos,2275.4950821614552,0.39335586878261974,OnTrack,-4028.0,-2386.0,840.0
2025-04-05 06:41:18.722,0 days 00:54:56.842000,,,0 days 00:00:32.173000,10393.0,255.96666666666667,7,65.6,False,8,pos,2295.471473761288,0.3968091088860568,OnTrack,-4229.0,-2441.0,836.0
2025-04-05 06:41:19.002,0 days 00:54:57.122000,,,0 days 00:00:32.453000,10348.028571428571,255.5142857142857,7,85.91428571428571,False,8,pos,2315.326899191305,0.40024143804435763,OnTrack,-4434.0,-2475.0,831.0
2025-04-05 06:41:19.202,0 days 00:54:57.322000,,,0 days 00:00:32.653000,10402.314285714287,257.65714285714284,7,98.05714285714286,False,8,pos,2329.671312353419,0.4027211002267959,OnTrack,-4575.0,-2499.0,828.0
2025-04-05 06:41:19.422,0 days 00:54:57.542000,,,0 days 00:00:32.873000,10419.46001152,259.88000256,7,98.11999744,False,8,pos,2345.5404039727405,0.40546432756648315,OnTrack,-4730.0,-2524.0,824.0
2025-04-05 06:41:19.562,0 days 00:54:57.682000,,,0 days 00:00:33.013000,10482.4,260.0,7,89.2,False,8,pos,2355.7564270673206,0.40723033122492874,OnTrack,-4830.0,-2540.0,821.0
2025-04-05 06:41:19.722,0 days 00:54:57.842000,,,0 days 00:00:33.173000,10109.52,242.07999999999998,7,59.16,False,8,pos,2366.085741258582,0.4090159190688597,OnTrack,-4942.0,-2556.0,819.0
2025-04-05 06:41:20.042,0 days 00:54:58.162000,,,0 days 00:00:33.493000,9386.0,201.0,7,0.0,True,8,pos,2383.1077997175753,0.4119584552431175,OnTrack,-5180.0,-2572.0,812.0
2025-04-05 06:41:20.362,0 days 00:54:58.482000,,,0 days 00:00:33.813000,10066.0,181.0,7,0.0,True,8,pos,2399.000847870891,0.4147058238544411,OnTrack,-5314.0,-2565.0,806.0
2025-04-05 06:41:20.482,0 days 00:54:58.602000,,,0 days 00:00:33.933000,10050.4,174.23333333333332,6,0.0,True,8,pos,2404.6628440973705,0.41568459083230475,OnTrack,-5373.0,-2557.0,804.0
2025-04-05 06:41:20.741,0 days 00:54:58.861000,,,0 days 00:00:34.192000,9727.2207264,161.541664,5,0.4458336,True,8,pos,2416.3134411186493,0.4176985836328465,OnTrack,-5533.0,-2503.0,799.0
2025-04-05 06:41:21.241,0 days 00:54:59.361000,,,0 days 00:00:34.692000,9338.0031376,146.6031248,4,26.875008,True,8,pos,2436.916881614694,0.42126021920822826,OnTrack,-5638.0,-2404.0,800.0
2025-04-05 06:41:21.401,0 days 00:54:59.521000,,,0 days 00:00:34.852000,9369.5031376,146.1031248,4,46.875008,True,8,pos,2443.411600177868,0.4223829356152834,OnTrack,-5673.0,-2348.0,802.0
2025-04-05 06:41:21.601,0 days 00:54:59.721000,,,0 days 00:00:35.052000,9547.7714944,148.982144,4,64.1214336,False,8,pos,2451.7632750160046,0.4238266567366777,OnTrack,-5708.0,-2272.0,803.0
2025-04-05 06:41:21.901,0 days 00:55:00.021000,,,0 days 00:00:35.352000,10074.620973866666,151.77916693333333,4,83.12917013333333,False,8,pos,2464.357099458423,0.4260037015449387,OnTrack,-5751.0,-2108.0,803.0
2025-04-05 06:41:22.281,0 days 00:55:00.401000,,,0 days 00:00:35.732000,11020.0502016,167.10714514285715,4,99.0,False,8,pos,2481.69972757686,0.42900165333309287,OnTrack,-5774.0,-1910.0,801.0
2025-04-05 06:41:22.721,0 days 00:55:00.841000,,,0 days 00:00:36.172000,12024.082245485713,184.58571702857142,4,99.0,False,8,pos,2503.8320790365283,0.4328275857224305,OnTrack,-5796.0,-1760.0,801.0
2025-04-05 06:41:22.921,0 days 00:55:01.041000,,,0 days 00:00:36.372000,11201.2934144,191.7406272,4,99.0,False,8,pos,2514.6207912293617,0.4346925878887399,OnTrack,-5819.0,-1655.0,801.0
2025-04-05 06:41:23.081,0 days 00:55:01.201000,,,0 days 00:00:36.532000,10421.347478668458,197.2050227400776,5,99.0,False,8,pos,2523.484510455133,0.43622482410583024,OnTrack,-5838.0,-1569.0,801.0
2025-04-05 06:41:23.261,0 days 00:55:01.381000,,,0 days 00:00:36.712000,10995.991676253276,202.47698785553465,5,99.0,False,8,pos,2533.637063844581,0.43797985600643735,OnTrack,-5861.0,-1463.0,801.0
2025-04-05 06:41:23.481,0 days 00:55:01.601000,,,0 days 00:00:36.932000,11308.475,210.3,5,99.0,False,8,pos,2546.5827751535157,0.4402177301107831,OnTrack,-5888.0,-1343.0,801.0
2025-04-05 06:41:23.642,0 days 00:55:01.762000,,,0 days 00:00:37.093000,11420.087280089569,216.33609728427479,5,99.0,False,8,pos,2556.39072897269,0.4419131924414933,OnTrack,-5908.0,-1249.0,801.0
2025-04-05 06:41:23.862,0 days 00:55:01.982000,,,0 days 00:00:37.313000,10908.88322997729,224.5518766610793,5,99.0,False,8,pos,2570.135508503457,0.44428919832080066,OnTrack,-5936.0,-1116.0,802.0
2025-04-05 06:41:24.082,0 days 00:55:02.202000,,,0 days 00:00:37.533000,10886.672727272728,230.2,5,99.0,False,8,pos,2584.4053558098867,0.4467559705975765,OnTrack,-5966.0,-980.0,802.0
2025-04-05 06:41:24.242,0 days 00:55:02.362000,,,0 days 00:00:37.693000,10891.036363636364,234.2,5,99.0,False,8,pos,2594.990461421318,0.44858577609642436,OnTrack,-5988.0,-879.0,803.0
2025-04-05 06:41:24.442,0 days 00:55:02.562000,,,0 days 00:00:37.893000,11008.84,237.28,6,99.0,False,8,pos,2608.183799465185,0.4508664564587211,OnTrack,-6015.0,-751.0,805.0
2025-04-05 06:41:24.722,0 days 00:55:02.842000,,,0 days 00:00:38.173000,11231.155555555555,242.04444444444445,6,99.0,False,8,pos,2627.03698860239,0.45412553297816743,OnTrack,-6055.0,-567.0,810.0
2025-04-05 06:41:24.882,0 days 00:55:03.002000,,,0 days 00:00:38.333000,11353.1,245.2,6,99.0,False,8,pos,2638.0170660991653,0.45602361571053796,OnTrack,-6078.0,-460.0,813.0
2025-04-05 06:41:25.142,0 days 00:55:03.262000,,,0 days 00:00:38.593000,11573.86020352,251.7000064,6,99.0,False,8,pos,2656.1184146492888,0.4591527245101522,OnTrack,-6125.0,-229.0,823.0
2025-04-05 06:41:25.582,0 days 00:55:03.702000,,,0 days 00:00:39.033000,11580.999104,258.0,6,99.0,False,8,pos,2687.578119950562,0.4645910398057727,OnTrack,-6180.0,48.0,835.0
2025-04-05 06:41:25.862,0 days 00:55:03.982000,,,0 days 00:00:39.313000,11056.1163904,260.3500032,6,99.3916672,False,8,pos,2707.847109553819,0.46809486017314594,OnTrack,-6209.0,220.0,844.0
2025-04-05 06:41:26.042,0 days 00:55:04.162000,,,0 days 00:00:39.493000,10861.866666666667,262.6,6,99.76666666666667,False,8,pos,2721.112801299972,0.4703880480348635,OnTrack,-6227.0,350.0,850.0
2025-04-05 06:41:26.362,0 days 00:55:04.482000,,,0 days 00:00:39.813000,10761.15,265.3,7,100.0,False,8,pos,2744.73697255883,0.4744718654347107,OnTrack,-6231.0,580.0,861.0
2025-04-05 06:41:26.522,0 days 00:55:04.642000,,,0 days 00:00:39.973000,10769.15,266.3,7,99.85,False,8,pos,2756.5769856116053,0.47651860183826644,OnTrack,-6217.0,698.0,867.0
2025-04-05 06:41:26.702,0 days 00:55:04.822000,,,0 days 00:00:40.153000,10758.4624848,267.4250016,7,99.2874992,False,8,pos,2769.9447399308815,0.47882943285484536,OnTrack,-6188.0,829.0,874.0
2025-04-05 06:41:26.882,0 days 00:55:05.002000,,,0 days 00:00:40.333000,10654.314285714287,268.0,7,85.8,False,8,pos,2783.4976140935782,0.4811722648093337,OnTrack,-6147.0,957.0,881.0
2025-04-05 06:41:27.201,0 days 00:55:05.321000,,,0 days 00:00:40.652000,9908.7747328,248.42082346666666,7,26.8374848,True,8,pos,2806.207845285239,0.4850980929909373,OnTrack,-6055.0,1171.0,892.0
2025-04-05 06:41:27.381,0 days 00:55:05.501000,,,0 days 00:00:40.832000,9297.017723428571,220.23213257142856,7,0.0,True,8,pos,2816.8224444540865,0.48693299692484315,OnTrack,-6007.0,1272.0,898.0
2025-04-05 06:41:27.621,0 days 00:55:05.741000,,,0 days 00:00:41.072000,8896.8876064,184.1437456,7,0.0,True,8,pos,2828.899685354213,0.4890207419716282,OnTrack,-5950.0,1389.0,904.0
2025-04-05 06:41:27.901,0 days 00:55:06.021000,,,0 days 00:00:41.352000,9356.466770488889,157.03332551111112,6,0.0,True,8,pos,2841.2711951297983,0.4911593561194141,OnTrack,-5918.0,1460.0,907.0
2025-04-05 06:41:28.121,0 days 00:55:06.241000,,,0 days 00:00:41.572000,9671.1997184,130.6499968,6,0.0,True,8,pos,2848.6637854339797,0.492437284076478,OnTrack,-5888.0,1538.0,911.0
2025-04-05 06:41:28.381,0 days 00:55:06.501000,,,0 days 00:00:41.832000,8527.1997184,117.6499968,6,0.0,True,8,pos,2857.0303145742005,0.4938835730025435,OnTrack,-5865.0,1623.0,913.0
2025-04-05 06:41:28.641,0 days 00:55:06.761000,,,0 days 00:00:42.092000,7664.867662628571,106.86785462857142,4,0.0,True,8,pos,2864.697872928827,0.49520903360303864,OnTrack,-5859.0,1711.0,915.0
2025-04-05 06:41:28.941,0 days 00:55:07.061000,,,0 days 00:00:42.392000,6988.999872,98.3249984,3,0.0,True,8,pos,2872.8805175167204,0.4966235351310986,OnTrack,-5872.0,1780.0,917.0
2025-04-05 06:41:29.241,0 days 00:55:07.361000,,,0 days 00:00:42.692000,6417.697608145454,91.29545309090909,3,0.0,True,8,pos,2880.345870266063,0.4979140412453534,OnTrack,-5908.0,1847.0,918.0
2025-04-05 06:41:29.421,0 days 00:55:07.541000,,,0 days 00:00:42.872000,6082.6521536,87.204544,3,0.0,True,8,pos,2884.5565538022975,0.49864192551702186,OnTrack,-5938.0,1880.0,919.0
2025-04-05 06:41:29.681,0 days 00:55:07.801000,,,0 days 00:00:43.132000,5807.310659657143,83.04285622857142,3,0.0,True,8,pos,2890.550662197983,0.49967810341696367,OnTrack,-5987.0,1914.0,920.0
2025-04-05 06:41:29.861,0 days 00:55:07.981000,,,0 days 00:00:43.312000,5742.0194973558555,79.91364814909893,3,5.961005288288751,False,8,pos,2894.4500734071835,0.5003521792679556,OnTrack,-6023.0,1927.0,920.0
2025-04-05 06:41:30.061,0 days 00:55:08.181000,,,0 days 00:00:43.512000,5736.448467708351,76.01392739584581,3,17.10306458329768,False,8,pos,2898.5571670200093,0.5010621563577369,OnTrack,-6066.0,1933.0,921.0
2025-04-05 06:41:30.242,0 days 00:55:08.362000,,,0 days 00:00:43.693000,5921.869103425615,76.20560711887494,3,28.037380792499597,False,8,pos,2902.3984013775917,0.5017261754056221,OnTrack,-6104.0,1932.0,921.0
2025-04-05 06:41:30.442,0 days 00:55:08.562000,,,0 days 00:00:43.893000,6207.433333333333,78.1,3,40.166666666666664,False,8,pos,2906.77717676131,0.5024831170526374,OnTrack,-6146.0,1924.0,922.0
2025-04-05 06:41:30.562,0 days 00:55:08.682000,,,0 days 00:00:44.013000,6318.933333333333,79.6,3,42.666666666666664,False,8,pos,2909.44088748242,0.5029435822292496,OnTrack,-6174.0,1915.0,923.0
2025-04-05 06:41:30.942,0 days 00:55:09.062000,,,0 days 00:00:44.393000,6930.286198857143,87.7000064,3,50.74286262857143,False,8,pos,2918.54203372163,0.5045168615186258,OnTrack,-6252.0,1868.0,925.0
2025-04-05 06:41:31.322,0 days 00:55:09.442000,,,0 days 00:00:44.773000,7721.2,94.44,3,63.88,False,8,pos,2928.5172174647405,0.5062412322273556,OnTrack,-6315.0,1800.0,926.0
2025-04-05 06:41:31.522,0 days 00:55:09.642000,,,0 days 00:00:44.973000,8107.8,101.0,3,70.4,False,8,pos,2934.1639914766724,0.50721736780097,OnTrack,-6347.0,1754.0,927.0
2025-04-05 06:41:31.622,0 days 00:55:09.742000,,,0 days 00:00:45.073000,8298.157630171429,104.57143771428571,3,73.61429394285715,False,8,pos,2937.1907545208533,0.5077405924021464,OnTrack,-6362.0,1728.0,926.0
2025-04-05 06:41:31.802,0 days 00:55:09.922000,,,0 days 00:00:45.253000,9080.15,113.925,3,82.925,False,8,pos,2943.135738043436,0.5087682782788404,OnTrack,-6389.0,1679.0,926.0
2025-04-05 06:41:32.082,0 days 00:55:10.202000,,,0 days 00:00:45.533000,10270.04,125.84,3,95.48,False,8,pos,2952.8786918818746,0.5104525043189985,OnTrack,-6453.0,1554.0,926.0
2025-04-05 06:41:32.422,0 days 00:55:10.542000,,,0 days 00:00:45.873000,11392.257621942857,147.67143862857142,3,99.0,False,8,pos,2966.4508231524255,0.5127986651738434,OnTrack,-6494.0,1476.0,926.0
2025-04-05 06:41:32.702,0 days 00:55:10.822000,,,0 days 00:00:46.153000,11499.998912,158.833344,3,98.7166656,False,8,pos,2978.763860922987,0.5149271714965167,OnTrack,-6590.0,1303.0,927.0
2025-04-05 06:41:33.062,0 days 00:55:11.182000,,,0 days 00:00:46.513000,11333.5882688,178.3375168,3,98.5875008,False,8,pos,2996.362876335795,0.5179694439460129,OnTrack,-6650.0,1202.0,928.0
2025-04-05 06:41:33.342,0 days 00:55:11.462000,,,0 days 00:00:46.793000,12050.42055424,192.92001024,4,99.0,False,8,pos,3011.4172875167287,0.5205718406883789,OnTrack,-6726.0,1080.0,928.0
2025-04-05 06:41:33.482,0 days 00:55:11.602000,,,0 days 00:00:46.933000,11547.0,195.0,4,99.0,False,8,pos,3018.9800607448174,0.5218791874969313,OnTrack,-6767.0,1017.0,929.0
2025-04-05 06:41:33.781,0 days 00:55:11.901000,,,0 days 00:00:47.232000,10756.46028032,204.34500224,5,99.0,False,8,pos,3035.735356806001,0.5247756095065963,OnTrack,-6859.0,876.0,930.0
2025-04-05 06:41:33.981,0 days 00:55:12.101000,,,0 days 00:00:47.432000,11410.187568,209.8375008,5,99.0,False,8,pos,3047.3919051355906,0.526790631086356,OnTrack,-6951.0,740.0,931.0
2025-04-05 06:41:34.421,0 days 00:55:12.541000,,,0 days 00:00:47.872000,11543.7747648,224.6750016,5,99.0,False,8,pos,3074.433999809876,0.5314652914394784,OnTrack,-7078.0,561.0,932.0
2025-04-05 06:41:34.501,0 days 00:55:12.621000,,,0 days 00:00:47.952000,11249.7747648,226.6750016,5,99.0,False,8,pos,3079.481430361144,0.5323378208706244,OnTrack,-7109.0,522.0,933.0
2025-04-05 06:41:34.741,0 days 00:55:12.861000,,,0 days 00:00:48.192000,10753.557194971429,228.43571565714285,6,99.0,False,8,pos,3094.6652861750244,0.534962594196641,OnTrack,-7209.0,407.0,934.0
2025-04-05 06:41:35.001,0 days 00:55:13.121000,,,0 days 00:00:48.452000,10969.3000576,234.3708352,6,99.0,False,8,pos,3111.6179933269636,0.5378931418837114,OnTrack,-7331.0,290.0,935.0
2025-04-05 06:41:35.161,0 days 00:55:13.281000,,,0 days 00:00:48.612000,11113.3000576,239.03750186666667,6,99.0,False,8,pos,3122.301732819741,0.5397399978329832,OnTrack,-7454.0,189.0,936.0
2025-04-05 06:41:35.541,0 days 00:55:13.661000,,,0 days 00:00:48.992000,11409.99004928,246.6750016,6,99.93500032,False,8,pos,3148.093581487403,0.5441985330852507,OnTrack,-7705.0,29.0,939.0
2025-04-05 06:41:35.921,0 days 00:55:14.041000,,,0 days 00:00:49.372000,11593.2469104,250.984376,6,99.0,False,8,pos,3174.4950561419355,0.5487624519797759,OnTrack,-7857.0,-31.0,941.0
2025-04-05 06:41:36.101,0 days 00:55:14.221000,,,0 days 00:00:49.552000,11692.8094104,253.796876,6,99.0,False,8,pos,3187.243562772131,0.5509662360883482,OnTrack,-7981.0,-64.0,941.0
2025-04-05 06:41:36.361,0 days 00:55:14.481000,,,0 days 00:00:49.812000,11491.11470848,257.10500096,6,99.0,False,8,pos,3205.803442341217,0.5541746093384735,OnTrack,-8166.0,-95.0,941.0
2025-04-05 06:41:36.521,0 days 00:55:14.641000,,,0 days 00:00:49.972000,10762.31470848,259.50500096,6,99.0,False,8,pos,3217.3515068861548,0.5561708777538359,OnTrack,-8282.0,-108.0,940.0
2025-04-05 06:41:36.822,0 days 00:55:14.942000,,,0 days 00:00:50.273000,10699.41224982658,262.8817225217554,7,99.96057417391847,False,8,pos,3239.319413284021,0.5599683831732981,OnTrack,-8608.0,-130.0,934.0
2025-04-05 06:41:37.242,0 days 00:55:15.362000,,,0 days 00:00:50.693000,10825.933333333332,268.3333333333333,7,99.0,False,8,pos,3270.5072461080517,0.5653597009450295,OnTrack,-8845.0,-122.0,927.0
2025-04-05 06:41:37.442,0 days 00:55:15.562000,,,0 days 00:00:50.893000,10966.733333333334,271.1111111111111,7,99.0,False,8,pos,3285.6434066662114,0.5679762293801217,OnTrack,-9003.0,-105.0,921.0
2025-04-05 06:41:37.662,0 days 00:55:15.782000,,,0 days 00:00:51.113000,11069.400119466667,274.1666702222222,7,99.0,False,8,pos,3302.4838145263943,0.5708873643311159,OnTrack,-9265.0,-59.0,908.0
2025-04-05 06:41:37.942,0 days 00:55:16.062000,,,0 days 00:00:51.393000,11183.328661942856,277.05714468571426,7,99.0,False,8,pos,3324.029677142365,0.5746119127049695,OnTrack,-9370.0,-33.0,903.0
2025-04-05 06:41:38.262,0 days 00:55:16.382000,,,0 days 00:00:51.713000,11311.181928727272,280.56363985454544,7,99.0,False,8,pos,3349.0040088127057,0.5789291270151498,OnTrack,-9610.0,35.0,893.0
2025-04-05 06:41:38.422,0 days 00:55:16.542000,,,0 days 00:00:51.873000,11380.272837818182,282.74545803636363,7,99.0,False,8,pos,3361.6758542438715,0.5811196590043118,OnTrack,-9729.0,76.0,890.0
2025-04-05 06:41:38.642,0 days 00:55:16.762000,,,0 days 00:00:52.093000,11443.771428571428,284.9142857142857,7,99.0,False,8,pos,3379.1189146825636,0.5841349721319375,OnTrack,-9892.0,135.0,887.0
2025-04-05 06:41:38.882,0 days 00:55:17.002000,,,0 days 00:00:52.333000,11503.35,286.825,7,99.0,False,8,pos,3398.251880529655,0.5874424125488253,OnTrack,-10070.0,204.0,885.0
2025-04-05 06:41:39.042,0 days 00:55:17.162000,,,0 days 00:00:52.493000,11560.35,288.325,7,99.0,False,8,pos,3411.1092838493805,0.5896650211990341,OnTrack,-10291.0,298.0,888.0
2025-04-05 06:41:39.562,0 days 00:55:17.682000,,,0 days 00:00:53.013000,11616.6,290.2,7,99.0,False,8,pos,3453.0002949714435,0.5969065552297075,OnTrack,-10557.0,443.0,896.0
2025-04-05 06:41:39.622,0 days 00:55:17.742000,,,0 days 00:00:53.073000,11623.600029866666,290.4500010666667,7,99.0,False,8,pos,3457.8497869646817,0.5977448678022586,OnTrack,-10598.0,469.0,897.0
2025-04-05 06:41:39.862,0 days 00:55:17.982000,,,0 days 00:00:53.313000,11129.4702208,291.0,7,99.3857152,False,8,pos,3477.2548726779605,0.601099348508188,OnTrack,-10728.0,560.0,903.0
2025-04-05 06:41:40.042,0 days 00:55:18.162000,,,0 days 00:00:53.493000,10322.48,291.0,7,99.96,False,8,pos,3491.803476177145,0.6036143082696301,OnTrack,-10843.0,647.0,908.0
2025-04-05 06:41:40.222,0 days 00:55:18.342000,,,0 days 00:00:53.673000,10423.28014336,291.0,7,99.05999872,False,8,pos,3506.3528563635195,0.6061294022939265,OnTrack,-10953.0,741.0,913.0
2025-04-05 06:41:40.441,0 days 00:55:18.561000,,,0 days 00:00:53.892000,10462.528581485714,291.7392859428571,8,99.0,False,8,pos,3524.0961312879767,0.6091966123167798,OnTrack,-11080.0,867.0,917.0
2025-04-05 06:41:40.661,0 days 00:55:18.781000,,,0 days 00:00:54.112000,10465.91499648,293.47000064,8,99.0,False,8,pos,3542.0376364931767,0.6122980896271837,OnTrack,-11198.0,1002.0,922.0
2025-04-05 06:41:40.921,0 days 00:55:19.041000,,,0 days 00:00:54.372000,10514.750016,294.0,8,99.0,False,8,pos,3563.2700786963396,0.6159684582492368,OnTrack,-11325.0,1171.0,926.0
2025-04-05 06:41:41.181,0 days 00:55:19.301000,,,0 days 00:00:54.632000,10520.1624992,294.7093752,8,99.0,False,8,pos,3584.5673881657267,0.6196500402200075,OnTrack,-11474.0,1424.0,931.0
2025-04-05 06:41:41.481,0 days 00:55:19.601000,,,0 days 00:00:54.932000,10538.960720457142,295.0,8,99.0,False,8,pos,3609.145829369643,0.6238988185051733,OnTrack,-11544.0,1574.0,934.0
2025-04-05 06:41:41.781,0 days 00:55:19.901000,,,0 days 00:00:55.232000,10592.445844266667,296.27916693333333,8,99.0,False,8,pos,3633.8083487686745,0.6281621310566374,OnTrack,-11642.0,1803.0,938.0
2025-04-05 06:41:41.961,0 days 00:55:20.081000,,,0 days 00:00:55.412000,10622.975008914285,297.05000045714286,8,99.0,False,8,pos,3648.6697204656,0.6307311578240314,OnTrack,-11700.0,1940.0,940.0
2025-04-05 06:41:42.201,0 days 00:55:20.321000,,,0 days 00:00:55.652000,10656.403580342858,298.7642861714286,8,99.0,False,8,pos,3668.600790341002,0.6341765633395461,OnTrack,-11781.0,2132.0,942.0
2025-04-05 06:41:42.361,0 days 00:55:20.481000,,,0 days 00:00:55.812000,10652.10999552,299.31750016,8,99.0,False,8,pos,3681.9143152800902,0.6364780199368505,OnTrack,-11835.0,2260.0,943.0
2025-04-05 06:41:42.481,0 days 00:55:20.601000,,,0 days 00:00:55.932000,10643.70999552,299.61750016,8,99.0,False,8,pos,3691.907741211753,0.6382055441008359,OnTrack,-11876.0,2350.0,943.0
2025-04-05 06:41:42.721,0 days 00:55:20.841000,,,0 days 00:00:56.172000,10624.843744,300.0,8,92.4749952,False,8,pos,3711.9578351343785,0.6416715248344073,OnTrack,-11965.0,2530.0,944.0
2025-04-05 06:41:42.961,0 days 00:55:21.081000,,,0 days 00:00:56.412000,10159.58482432,291.6499968,8,24.374975999999997,False,8,pos,3731.508624673391,0.6450511927865783,OnTrack,-12057.0,2704.0,944.0
2025-04-05 06:41:43.241,0 days 00:55:21.361000,,,0 days 00:00:56.692000,9412.408465066666,276.6111075555556,8,7.408337066666666,True,8,pos,3753.109875182547,0.6487853158472834,OnTrack,-12172.0,2881.0,943.0
2025-04-05 06:41:43.462,0 days 00:55:21.582000,,,0 days 00:00:56.913000,9867.300526933333,264.3333191111111,8,20.300014933333333,True,8,pos,3768.9383609540823,0.6515215238140621,OnTrack,-12283.0,2987.0,944.0
2025-04-05 06:41:43.502,0 days 00:55:21.622000,,,0 days 00:00:56.953000,9949.633860266667,262.1110968888889,8,22.633348266666665,True,8,pos,3771.757502605615,0.6520088577231763,OnTrack,-12306.0,3004.0,943.0
2025-04-05 06:41:43.742,0 days 00:55:21.862000,,,0 days 00:00:57.193000,10018.749792,257.0,7,52.9750432,True,8,pos,3788.869186747255,0.6549668871360436,OnTrack,-12453.0,3083.0,943.0
2025-04-05 06:41:43.942,0 days 00:55:22.062000,,,0 days 00:00:57.393000,9649.91951104,245.71998464,7,23.03995648,True,8,pos,3802.524433370768,0.657327415814458,OnTrack,-12585.0,3120.0,944.0
2025-04-05 06:41:44.282,0 days 00:55:22.402000,,,0 days 00:00:57.733000,9421.9,235.0,7,47.6,False,8,pos,3824.726554715367,0.6611654090488912,OnTrack,-12815.0,3137.0,944.0
2025-04-05 06:41:44.482,0 days 00:55:22.602000,,,0 days 00:00:57.933000,9408.983333333334,235.0,7,70.93333333333334,False,8,pos,3837.7997775984154,0.6634253255766235,OnTrack,-12946.0,3131.0,945.0
2025-04-05 06:41:44.682,0 days 00:55:22.802000,,,0 days 00:00:58.133000,9396.066666666668,235.0,7,94.26666666666667,False,8,pos,3850.8554630489057,0.6656822104774918,OnTrack,-13165.0,3099.0,945.0
2025-04-05 06:41:45.062,0 days 00:55:23.182000,,,0 days 00:00:58.513000,9144.5879328,228.624992,7,14.9499904,True,8,pos,3875.219843596456,0.6698939849404489,OnTrack,-13296.0,3064.0,945.0
2025-04-05 06:41:45.222,0 days 00:55:23.342000,,,0 days 00:00:58.673000,9415.0879328,223.624992,7,8.9499904,True,8,pos,3885.0561030269046,0.6715943403506481,OnTrack,-13388.0,3031.0,944.0
2025-04-05 06:41:45.542,0 days 00:55:23.662000,,,0 days 00:00:58.993000,9887.336730763636,206.77271272727273,7,3.954542545454545,True,8,pos,3903.056898036166,0.674706066855862,OnTrack,-13547.0,2947.0,944.0
2025-04-05 06:41:45.702,0 days 00:55:23.822000,,,0 days 00:00:59.153000,10116.791276218182,197.68180363636364,7,2.136360727272727,True,8,pos,3911.5768075209467,0.6761788700377312,OnTrack,-13643.0,2865.0,944.0
2025-04-05 06:41:46.022,0 days 00:55:24.142000,,,0 days 00:00:59.473000,9634.899585163635,189.99999418181818,6,30.700023854545456,True,8,pos,3928.350091334765,0.6790784015193176,OnTrack,-13716.0,2765.0,943.0
2025-04-05 06:41:46.222,0 days 00:55:24.342000,,,0 days 00:00:59.673000,9509.6836672,184.7333248,5,51.500032,False,8,pos,3938.4687100112606,0.680827567259809,OnTrack,-13759.0,2672.0,943.0
2025-04-05 06:41:46.382,0 days 00:55:24.502000,,,0 days 00:00:59.833000,9718.350333866667,179.39999146666668,5,71.500032,False,8,pos,3946.4009294652697,0.6821987787817176,OnTrack,-13782.0,2596.0,942.0
2025-04-05 06:41:46.662,0 days 00:55:24.782000,,,0 days 00:01:00.113000,9972.966894933334,181.9777806222222,5,81.18889671111111,False,8,pos,3960.629449117226,0.6846584069097071,OnTrack,-13798.0,2456.0,940.0
2025-04-05 06:41:46.981,0 days 00:55:25.101000,,,0 days 00:01:00.432000,10145.310755657143,183.43571565714285,5,81.6750016,False,8,pos,3976.8365891838002,0.6874600713524679,OnTrack,-13774.0,2273.0,934.0
2025-04-05 06:41:47.261,0 days 00:55:25.381000,,,0 days 00:01:00.712000,10339.9500544,188.95714377142858,5,88.19642971428571,False,8,pos,3991.548280091609,0.6900032233916299,OnTrack,-13733.0,2153.0,929.0
2025-04-05 06:41:47.541,0 days 00:55:25.661000,,,0 days 00:01:00.992000,10639.5063632,194.3031272,5,93.4656264,False,8,pos,4006.645011393127,0.6926129358464885,OnTrack,-13667.0,2017.0,921.0
2025-04-05 06:41:47.681,0 days 00:55:25.801000,,,0 days 00:01:01.132000,10887.1313632,199.1156272,5,96.5281264,False,8,pos,4014.552461374742,0.693979865567303,OnTrack,-13626.0,1952.0,917.0
2025-04-05 06:41:48.021,0 days 00:55:26.141000,,,0 days 00:01:01.472000,11364.71007232,207.6750016,5,99.0,False,8,pos,4034.0280431460733,0.6973465326490143,OnTrack,-13486.0,1783.0,901.0
2025-04-05 06:41:48.441,0 days 00:55:26.561000,,,0 days 00:01:01.892000,11909.2061696,221.1312512,5,98.9562496,False,8,pos,4059.4908399829,0.7017481860078392,OnTrack,-13319.0,1623.0,883.0
2025-04-05 06:41:48.481,0 days 00:55:26.601000,,,0 days 00:01:01.932000,11858.9561696,221.8812512,5,98.7062496,False,8,pos,4061.971071711038,0.7021769338938936,OnTrack,-13301.0,1607.0,881.0
2025-04-05 06:41:48.721,0 days 00:55:26.841000,,,0 days 00:01:02.172000,11195.770570666667,227.1750016,5,98.52916693333333,False,8,pos,4077.0632931007444,0.7047858667380675,OnTrack,-13184.0,1512.0,869.0
2025-04-05 06:41:49.021,0 days 00:55:27.141000,,,0 days 00:01:02.472000,10888.278624914286,234.6750016,5,99.0,False,8,pos,4096.622921835745,0.7081670626872205,OnTrack,-13029.0,1395.0,853.0
2025-04-05 06:41:49.201,0 days 00:55:27.321000,,,0 days 00:01:02.652000,11045.3875584,238.0875008,6,99.0,False,8,pos,4108.547856300856,0.7102284791207133,OnTrack,-12933.0,1324.0,845.0
2025-04-05 06:41:49.421,0 days 00:55:27.541000,,,0 days 00:01:02.872000,11250.803634285714,241.91428754285715,6,99.0,False,8,pos,4123.331835373255,0.712784127330053,OnTrack,-12814.0,1237.0,836.0
2025-04-05 06:41:49.581,0 days 00:55:27.701000,,,0 days 00:01:03.032000,11407.94649142857,246.4857161142857,6,99.0,False,8,pos,4134.372440514484,0.7146926732378248,OnTrack,-12724.0,1173.0,830.0
2025-04-05 06:41:49.801,0 days 00:55:27.921000,,,0 days 00:01:03.252000,11584.786158933333,251.24722346666667,6,99.0,False,8,pos,4149.82658605974,0.717364170484689,OnTrack,-12539.0,1045.0,819.0
2025-04-05 06:41:50.122,0 days 00:55:28.242000,,,0 days 00:01:03.573000,11782.6,257.4,6,99.0,False,8,pos,4172.732559793394,0.721323835908248,OnTrack,-12432.0,974.0,815.0
2025-04-05 06:41:50.342,0 days 00:55:28.462000,,,0 days 00:01:03.793000,11031.24181577143,260.68571794285714,6,99.0,False,8,pos,4188.668607369965,0.7240786376604401,OnTrack,-12298.0,888.0,811.0
2025-04-05 06:41:50.622,0 days 00:55:28.742000,,,0 days 00:01:04.073000,10718.1000832,265.1333376,7,99.0,False,8,pos,4209.346378487501,0.7276531224774763,OnTrack,-12123.0,780.0,808.0
2025-04-05 06:41:50.802,0 days 00:55:28.922000,,,0 days 00:01:04.253000,10778.42857142857,268.0857142857143,7,99.02857142857142,False,8,pos,4222.812353440496,0.7299809325079898,OnTrack,-12009.0,711.0,807.0
2025-04-05 06:41:51.002,0 days 00:55:29.122000,,,0 days 00:01:04.453000,10889.142857142857,270.22857142857146,7,99.74285714285715,False,8,pos,4237.851689190882,0.7325807232200787,OnTrack,-11879.0,635.0,808.0
2025-04-05 06:41:51.182,0 days 00:55:29.302000,,,0 days 00:01:04.633000,10970.1750976,272.3500032,7,100.0,False,8,pos,4251.474377762335,0.7349356237163212,OnTrack,-11760.0,568.0,808.0
2025-04-05 06:41:51.342,0 days 00:55:29.462000,,,0 days 00:01:04.793000,11029.8250944,273.6750016,7,100.0,False,8,pos,4263.640950103212,0.7370388111372785,OnTrack,-11653.0,510.0,810.0
2025-04-05 06:41:51.742,0 days 00:55:29.862000,,,0 days 00:01:05.193000,11144.8167168,278.1333376,7,100.0,False,8,pos,4294.424594828414,0.7423602585049762,OnTrack,-11383.0,364.0,815.0
2025-04-05 06:41:51.922,0 days 00:55:30.042000,,,0 days 00:01:05.373000,11216.2,279.8,7,99.6,False,8,pos,4308.442546468811,0.7447834865705028,OnTrack,-11204.0,271.0,820.0
2025-04-05 06:41:52.242,0 days 00:55:30.362000,,,0 days 00:01:05.693000,11338.08,281.64,7,99.0,False,8,pos,4333.462810044577,0.7491086409481896,OnTrack,-11036.0,188.0,824.0
2025-04-05 06:41:52.502,0 days 00:55:30.622000,,,0 days 00:01:05.953000,11411.4000768,283.88000256,7,99.0,False,8,pos,4353.939918731238,0.7526484380414651,OnTrack,-10850.0,102.0,829.0
2025-04-05 06:41:52.702,0 days 00:55:30.822000,,,0 days 00:01:06.153000,11431.92002304,285.41000192,7,99.0,False,8,pos,4369.843232475379,0.7553975812250254,OnTrack,-10706.0,37.0,834.0
2025-04-05 06:41:52.982,0 days 00:55:31.102000,,,0 days 00:01:06.433000,11474.5875888,287.2125008,7,99.0,False,8,pos,4392.210739222434,0.7592641639823177,OnTrack,-10441.0,-71.0,840.0
2025-04-05 06:41:53.262,0 days 00:55:31.382000,,,0 days 00:01:06.713000,11566.83004416,288.21000192,7,99.0,False,8,pos,4414.631435397088,0.7631399413863781,OnTrack,-10331.0,-113.0,843.0
2025-04-05 06:41:53.461,0 days 00:55:31.581000,,,0 days 00:01:06.912000,11601.15751104,289.70250048,7,99.0,False,8,pos,4430.711203687241,0.7659195875720286,OnTrack,-10180.0,-169.0,847.0
2025-04-05 06:41:53.741,0 days 00:55:31.861000,,,0 days 00:01:07.192000,11256.499776,291.0,7,99.0,False,8,pos,4453.358151383198,0.7698344761850839,OnTrack,-9875.0,-277.0,855.0
2025-04-05 06:41:54.081,0 days 00:55:32.201000,,,0 days 00:01:07.532000,10430.98500352,292.0,7,99.0,False,8,pos,4480.921630790342,0.7745992662625778,OnTrack,-9707.0,-334.0,858.0
2025-04-05 06:41:54.381,0 days 00:55:32.501000,,,0 days 00:01:07.832000,10445.4041696,292.9458336,8,99.0,False,8,pos,4505.3190339728035,0.778816749218314,OnTrack,-9476.0,-412.0,862.0
2025-04-05 06:41:54.561,0 days 00:55:32.681000,,,0 days 00:01:08.012000,10474.38002176,294.03500032,8,99.0,False,8,pos,4520.018290761896,0.7813577518203674,OnTrack,-9336.0,-459.0,863.0
2025-04-05 06:41:54.741,0 days 00:55:32.861000,,,0 days 00:01:08.192000,10535.58002176,294.93500032,8,99.0,False,8,pos,4534.766522806967,0.7839072205819461,OnTrack,-9197.0,-506.0,864.0
2025-04-05 06:41:54.941,0 days 00:55:33.061000,,,0 days 00:01:08.392000,10542.921876,296.1687504,8,99.0,False,8,pos,4551.251544332224,0.7867569212975407,OnTrack,-9041.0,-559.0,864.0
2025-04-05 06:41:55.121,0 days 00:55:33.241000,,,0 days 00:01:08.572000,10556.04501504,297.0,8,99.0,False,8,pos,4566.113501862808,0.7893260493356908,OnTrack,-8900.0,-607.0,864.0
2025-04-05 06:41:55.441,0 days 00:55:33.561000,,,0 days 00:01:08.892000,10604.988893866666,297.0,8,99.0,False,8,pos,4592.513289364499,0.793889676578752,OnTrack,-8650.0,-690.0,864.0
2025-04-05 06:41:55.501,0 days 00:55:33.621000,,,0 days 00:01:08.952000,10609.655560533334,297.0,8,99.0,False,8,pos,4597.464107164592,0.794745504944283,OnTrack,-8603.0,-706.0,864.0
2025-04-05 06:41:55.861,0 days 00:55:33.981000,,,0 days 00:01:09.312000,10630.4041696,297.0,8,99.0,False,8,pos,4627.160166318276,0.7998789456796163,OnTrack,-8321.0,-800.0,864.0
2025-04-05 06:41:56.041,0 days 00:55:34.161000,,,0 days 00:01:09.492000,10621.413640145454,298.0,8,99.0,False,8,pos,4642.058584296724,0.802454376491724,OnTrack,-8105.0,-873.0,864.0
2025-04-05 06:41:56.481,0 days 00:55:34.601000,,,0 days 00:01:09.932000,10647.958514223923,298.0580917711468,8,99.0,False,8,pos,4678.483102911885,0.808750939502199,OnTrack,-7820.0,-968.0,864.0
2025-04-05 06:41:56.702,0 days 00:55:34.822000,,,0 days 00:01:10.153000,10678.219927194083,299.89211679964137,8,99.0,False,8,pos,4696.898913713233,0.8119344081521158,OnTrack,-7599.0,-1043.0,864.0
2025-04-05 06:41:56.982,0 days 00:55:35.102000,,,0 days 00:01:10.433000,10710.375008,301.0,8,99.0,False,8,pos,4720.305628770857,0.8159806347552923,OnTrack,-7425.0,-1101.0,863.0
2025-04-05 06:41:57.282,0 days 00:55:35.402000,,,0 days 00:01:10.733000,10719.28,302.0,8,99.0,False,8,pos,4745.461923087898,0.8203293042312252,OnTrack,-7123.0,-1203.0,863.0
2025-04-05 06:41:57.642,0 days 00:55:35.762000,,,0 days 00:01:11.093000,10746.085714285715,302.0,8,99.0,False,8,pos,4775.662477707595,0.8255499551099181,OnTrack,-6900.0,-1277.0,863.0
2025-04-05 06:41:57.882,0 days 00:55:36.002000,,,0 days 00:01:11.333000,10758.2,302.04,8,99.0,False,8,pos,4795.795701609345,0.8290303061954258,OnTrack,-6614.0,-1374.0,863.0
2025-04-05 06:41:58.362,0 days 00:55:36.482000,,,0 days 00:01:11.813000,10756.285714285714,302.1714285714286,8,99.0,False,8,pos,4836.124416690209,0.8360017722653288,OnTrack,-6327.0,-1470.0,863.0
2025-04-05 06:41:58.562,0 days 00:55:36.682000,,,0 days 00:01:12.013000,10774.142857142857,302.8857142857143,8,99.0,False,8,pos,4852.965138628112,0.8389129615097011,OnTrack,-6168.0,-1523.0,863.0
2025-04-05 06:41:58.762,0 days 00:55:36.882000,,,0 days 00:01:12.213000,10762.6,302.4,8,99.0,False,8,pos,4869.762973569677,0.841816737048003,OnTrack,-6009.0,-1577.0,863.0
2025-04-05 06:41:58.922,0 days 00:55:37.042000,,,0 days 00:01:12.373000,10756.36,301.76,8,98.76,False,8,pos,4883.161545053491,0.8441328953063874,OnTrack,-5882.0,-1620.0,800.0
2025-04-05 06:41:59.222,0 days 00:55:37.342000,,,0 days 00:01:12.673000,10752.611086222223,301.0,8,98.41111182222222,False,8,pos,4908.248448772445,0.8484695695030467,OnTrack,-5565.0,-1724.0,864.0
2025-04-05 06:41:59.642,0 days 00:55:37.762000,,,0 days 00:01:13.093000,10681.8,300.0,8,99.0,False,8,pos,4943.302515184307,0.8545292278410922,OnTrack,-5221.0,-1748.0,864.0
2025-04-05 06:41:59.942,0 days 00:55:38.062000,,,0 days 00:01:13.393000,10661.799982933333,300.0,8,99.0,False,8,pos,4968.304541846409,0.8588512296753725,OnTrack,-5057.0,-1708.0,864.0
2025-04-05 06:42:00.161,0 days 00:55:38.281000,,,0 days 00:01:13.612000,10665.312501333334,298.27499946666666,8,99.0,False,8,pos,4986.441415711773,0.8619864795962533,OnTrack,-4880.0,-1647.0,865.0
2025-04-05 06:42:00.441,0 days 00:55:38.561000,,,0 days 00:01:13.892000,10597.562496,297.0,8,98.0437504,False,8,pos,5009.5452233345,0.8659803437846972,OnTrack,-4665.0,-1561.0,866.0
2025-04-05 06:42:00.481,0 days 00:55:38.601000,,,0 days 00:01:13.932000,10595.062496,297.0,8,98.2937504,False,8,pos,5012.845152627019,0.8665507895588742,OnTrack,-4634.0,-1548.0,867.0
2025-04-05 06:42:00.821,0 days 00:55:38.941000,,,0 days 00:01:14.272000,10608.2999936,297.2392859428571,8,99.0,False,8,pos,5040.907490936102,0.8714018154091061,OnTrack,-4290.0,-1373.0,871.0
2025-04-05 06:42:01.241,0 days 00:55:39.361000,,,0 days 00:01:14.692000,10595.79750272,297.48249984,8,99.0,False,8,pos,5075.634063184905,0.8774048611216002,OnTrack,-4032.0,-1208.0,876.0
2025-04-05 06:42:01.561,0 days 00:55:39.681000,,,0 days 00:01:15.012000,10592.8874944,297.0,8,99.0,False,8,pos,5102.02112286862,0.8819662881569192,OnTrack,-3871.0,-1093.0,880.0
2025-04-05 06:42:01.881,0 days 00:55:40.001000,,,0 days 00:01:15.332000,10570.54499584,296.96499968,8,99.0,False,8,pos,5128.42192816997,0.8865300913429972,OnTrack,-3630.0,-893.0,885.0
2025-04-05 06:42:02.201,0 days 00:55:40.321000,,,0 days 00:01:15.652000,10572.720461963636,296.2886365090909,8,98.7113634909091,False,8,pos,5154.751959170943,0.8910816600546392,OnTrack,-3473.0,-747.0,889.0
2025-04-05 06:42:02.361,0 days 00:55:40.481000,,,0 days 00:01:15.812000,10591.265916509092,296.6522728727273,8,98.34772712727273,False,8,pos,5167.962392320472,0.893365295580492,OnTrack,-3370.0,-651.0,891.0
2025-04-05 06:42:02.701,0 days 00:55:40.821000,,,0 days 00:01:16.152000,10606.6624992,297.0,8,98.5843752,False,8,pos,5196.006833042537,0.8982132275453778,OnTrack,-3142.0,-435.0,896.0
2025-04-05 06:42:03.142,0 days 00:55:41.262000,,,0 days 00:01:16.593000,10645.44035735028,298.8116337400729,8,99.0,False,8,pos,5232.624227482151,0.9045431322396422,OnTrack,-2912.0,-208.0,901.0
2025-04-05 06:42:03.322,0 days 00:55:41.442000,,,0 days 00:01:16.773000,10575.135785589831,298.31301975595625,8,99.0,False,8,pos,5247.748351257823,0.907157579923574,OnTrack,-2777.0,-73.0,905.0
2025-04-05 06:42:03.722,0 days 00:55:41.842000,,,0 days 00:01:17.173000,9194.33165566484,266.82173120270863,8,23.052934980956863,False,8,pos,5277.766058452444,0.9123466226883632,OnTrack,-2539.0,165.0,911.0
2025-04-05 06:42:03.962,0 days 00:55:42.082000,,,0 days 00:01:17.413000,8116.2,238.6,8,1.6,True,8,pos,5293.439518907158,0.9150560320394651,OnTrack,-2462.0,241.0,912.0
2025-04-05 06:42:04.342,0 days 00:55:42.462000,,,0 days 00:01:17.793000,8050.5290752,185.428544,8,0.0,True,8,pos,5314.193436559826,0.918643680007991,OnTrack,-2338.0,355.0,916.0
2025-04-05 06:42:04.522,0 days 00:55:42.642000,,,0 days 00:01:17.973000,8445.0,166.32,8,0.0,True,8,pos,5322.224468992264,0.9200319729401306,OnTrack,-2273.0,406.0,917.0
2025-04-05 06:42:04.642,0 days 00:55:42.762000,,,0 days 00:01:18.093000,9285.0,156.12,8,0.0,True,8,pos,5327.294031342464,0.9209083282081527,OnTrack,-2232.0,435.0,917.0
2025-04-05 06:42:04.982,0 days 00:55:43.102000,,,0 days 00:01:18.433000,9336.0992512,132.7416544,7,0.0,True,8,pos,5340.130010402141,0.923127233330944,OnTrack,-2111.0,496.0,917.0
2025-04-05 06:42:05.382,0 days 00:55:43.502000,,,0 days 00:01:18.833000,8166.0992512,113.57498773333333,7,0.0,True,8,pos,5352.47229626756,0.9252607956565297,OnTrack,-1949.0,535.0,916.0
2025-04-05 06:42:05.782,0 days 00:55:43.902000,,,0 days 00:01:19.233000,7599.414154971429,104.82856594285714,3,1.0571446857142857,True,8,pos,5364.276214280459,0.9273012924527665,OnTrack,-1875.0,533.0,914.0
2025-04-05 06:42:05.942,0 days 00:55:44.062000,,,0 days 00:01:19.393000,7538.58006016,101.71999744,3,4.8000256,False,8,pos,5368.74608670706,0.928073981686638,OnTrack,-1803.0,512.0,912.0
2025-04-05 06:42:06.382,0 days 00:55:44.502000,,,0 days 00:01:19.833000,7773.97018624,102.01000192,3,38.750016,False,8,pos,5381.154048695554,0.9302188971848377,OnTrack,-1702.0,439.0,909.0
2025-04-05 06:42:06.761,0 days 00:55:44.881000,,,0 days 00:01:20.212000,8140.98008576,105.70500096,3,58.23999488,False,8,pos,5392.194682565889,0.9321274480588969,OnTrack,-1642.0,387.0,907.0
2025-04-05 06:42:06.961,0 days 00:55:45.081000,,,0 days 00:01:20.412000,8230.37984256,108.47000064,3,35.4249856,False,8,pos,5398.235313416086,0.933171668112239,OnTrack,-1593.0,354.0,906.0
2025-04-05 06:42:07.161,0 days 00:55:45.281000,,,0 days 00:01:20.612000,7874.142884571429,109.16071314285715,3,2.1750016,True,8,pos,5404.3202191733235,0.9342235417943061,OnTrack,-1538.0,332.0,904.0
2025-04-05 06:42:07.341,0 days 00:55:45.461000,,,0 days 00:01:20.792000,7951.285741714286,105.94642742857143,3,6.6750016,True,8,pos,5409.572220459895,0.9351314345623994,OnTrack,-1487.0,323.0,904.0
2025-04-05 06:42:07.561,0 days 00:55:45.681000,,,0 days 00:01:21.012000,7766.50242048,102.07749888,3,18.02000384,True,8,pos,5415.708797154593,0.9361922403958276,OnTrack,-1420.0,323.0,903.0
2025-04-05 06:42:07.781,0 days 00:55:45.901000,,,0 days 00:01:21.232000,7493.15242048,98.22749888,3,31.220003839999997,True,8,pos,5421.620795844741,0.9372142243145078,OnTrack,-1364.0,332.0,902.0
2025-04-05 06:42:08.061,0 days 00:55:46.181000,,,0 days 00:01:21.512000,7735.6624992,98.0062512,3,49.0,False,8,pos,5429.150736913724,0.9385158955570835,OnTrack,-1258.0,375.0,900.0
2025-04-05 06:42:08.401,0 days 00:55:46.521000,,,0 days 00:01:21.852000,8326.4877056,106.0875008,3,59.0062592,False,8,pos,5439.0864766882605,0.9402334477423857,OnTrack,-1210.0,407.0,899.0
2025-04-05 06:42:08.621,0 days 00:55:46.741000,,,0 days 00:01:22.072000,9038.6814608,111.7687536,3,82.6750016,False,8,pos,5445.806789957814,0.9413951618174277,OnTrack,-1158.0,452.0,898.0
2025-04-05 06:42:08.781,0 days 00:55:46.901000,,,0 days 00:01:22.232000,9615.63240137143,119.39285942857143,3,88.3500032,False,8,pos,5451.153337986147,0.9423193985082299,OnTrack,-1120.0,490.0,895.0
2025-04-05 06:42:09.001,0 days 00:55:47.121000,,,0 days 00:01:22.452000,10508.0252928,127.5250048,3,99.0,False,8,pos,5459.017201448544,0.9436787935992098,OnTrack,-1062.0,546.0,892.0
2025-04-05 06:42:09.201,0 days 00:55:47.321000,,,0 days 00:01:22.652000,11332.046597485714,141.8535753142857,3,99.0,False,8,pos,5466.866430859254,0.9450356589593369,OnTrack,-1004.0,598.0,890.0
2025-04-05 06:42:09.461,0 days 00:55:47.581000,,,0 days 00:01:22.912000,11800.3559024,156.6750016,3,99.0,False,8,pos,5478.268441067632,0.947006679537032,OnTrack,-912.0,667.0,885.0
2025-04-05 06:42:09.621,0 days 00:55:47.741000,,,0 days 00:01:23.072000,11062.686545493449,160.0,3,99.0,False,8,pos,5485.367610543303,0.9482338849916292,OnTrack,-852.0,704.0,882.0
2025-04-05 06:42:09.802,0 days 00:55:47.922000,,,0 days 00:01:23.253000,10983.5994624,160.62998272,4,99.0,False,8,pos,5493.439162265383,0.9496291823337124,OnTrack,-776.0,739.0,879.0
2025-04-05 06:42:10.042,0 days 00:55:48.162000,,,0 days 00:01:23.493000,11677.044748585888,181.0703421784206,4,99.0,False,8,pos,5505.448857202367,0.9517052509759982,OnTrack,-625.0,777.0,869.0
2025-04-05 06:42:10.442,0 days 00:55:48.562000,,,0 days 00:01:23.893000,11098.933333333332,197.17777777777778,4,99.0,False,8,pos,5527.083125539848,0.9554450816985866,OnTrack,-450.0,791.0,856.0
2025-04-05 06:42:10.702,0 days 00:55:48.822000,,,0 days 00:01:24.153000,11237.600136533334,206.5666759111111,4,99.0,False,8,pos,5542.174544708928,0.958053875866042,OnTrack,-198.0,775.0,838.0
2025-04-05 06:42:11.022,0 days 00:55:49.142000,,,0 days 00:01:24.473000,11615.311419733333,213.84445013333334,5,99.0,False,8,pos,5561.241073647615,0.9613498315963537,OnTrack,-80.0,754.0,830.0
2025-04-05 06:42:11.182,0 days 00:55:49.302000,,,0 days 00:01:24.633000,11791.4002688,217.7000064,5,99.0,False,8,pos,5570.939108778585,0.9630262927165434,OnTrack,14.0,730.0,824.0
2025-04-05 06:42:11.442,0 days 00:55:49.562000,,,0 days 00:01:24.893000,10968.9,225.6,5,99.0,False,8,pos,5587.202416374832,0.9658376666188436,OnTrack,169.0,680.0,814.0
2025-04-05 06:42:11.742,0 days 00:55:49.862000,,,0 days 00:01:25.193000,10804.183581866666,232.46667093333335,6,99.0,False,8,pos,5606.511671614033,0.9691755814883173,OnTrack,348.0,611.0,803.0
2025-04-05 06:42:11.942,0 days 00:55:50.062000,,,0 days 00:01:25.393000,10998.350248533334,235.80000426666666,6,99.0,False,8,pos,5619.630426283501,0.9714433689165605,OnTrack,465.0,553.0,796.0
2025-04-05 06:42:12.162,0 days 00:55:50.282000,,,0 days 00:01:25.613000,11161.6,241.16,6,99.0,False,8,pos,5634.35497363581,0.9739887433986254,OnTrack,614.0,463.0,788.0
2025-04-05 06:42:12.402,0 days 00:55:50.522000,,,0 days 00:01:25.853000,11262.64,245.72,6,99.0,False,8,pos,5650.714333211905,0.976816721428211,OnTrack,749.0,371.0,782.0
2025-04-05 06:42:12.642,0 days 00:55:50.762000,,,0 days 00:01:26.093000,11471.0,249.6,6,99.0,False,8,pos,5667.360411980736,0.9796942634748926,OnTrack,877.0,264.0,776.0
2025-04-05 06:42:12.822,0 days 00:55:50.942000,,,0 days 00:01:26.273000,11646.90934109091,252.87273192727272,6,99.0,False,8,pos,5680.14979041695,0.9819051129315254,OnTrack,969.0,176.0,772.0
2025-04-05 06:42:13.082,0 days 00:55:51.202000,,,0 days 00:01:26.533000,11261.04,257.76,6,99.0,False,14,pos,5698.833907401655,0.9851349626141594,OnTrack,1104.0,41.0,766.0
2025-04-05 06:42:13.381,0 days 00:55:51.501000,,,0 days 00:01:26.832000,10844.28995328,262.27000064,6,99.0,False,12,pos,5720.551892103411,0.9888892650547749,OnTrack,1250.0,-120.0,759.0
2025-04-05 06:42:13.561,0 days 00:55:51.681000,,,0 days 00:01:27.012000,10719.288648145455,264.12727389090907,7,99.0,False,12,pos,5733.766283050997,0.9911735847495831,OnTrack,1336.0,-223.0,755.0
2025-04-05 06:42:13.701,0 days 00:55:51.821000,,,0 days 00:01:27.152000,10745.061375418181,266.6727284363636,7,99.0,False,12,pos,5744.226534488992,0.9929818071994286,OnTrack,1403.0,-302.0,752.0
2025-04-05 06:42:14.001,0 days 00:55:52.121000,,,0 days 00:01:27.452000,10806.029230933333,272.0875008,7,99.0,False,12,pos,5767.02594498042,0.9969230514551921,OnTrack,1600.0,-532.0,744.0
2025-04-05 06:42:14.159,0 days 00:55:52.279000,,,0 days 00:01:27.610000,10964.6876928,274.06250239999997,7,99.0,False,12,interpolation,5779.088766753273,0.9990083039242604,OnTrack,1668.3924946587958,-611.9711268040068,740.8702867758235
